plant,strategy,metric,col,type,score,threshold,method,drift_detected,ref_count,cur_count,ref_missing_pct,cur_missing_pct,ref_mean,cur_mean
planta1,decay,ks,Conductividad DAF,numeric,0.3329358536763874,0.15,ks,True,,,,,,
planta1,decay,ks,Flujo Parshall 01 entrada a Ecualizador 1,numeric,0.110098314183178,0.15,ks,False,,,,,,
planta1,decay,ks,Flujo de envío a DAF,numeric,0.1137057298935152,0.15,ks,False,,,,,,
planta1,decay,ks,Nivel Clarificado DAF (Tk 80m3),numeric,0.4089665115808907,0.15,ks,True,,,,,,
planta1,decay,ks,Nivel Ecualizador 1 (Tk 30m3),numeric,0.5987919719127085,0.15,ks,True,,,,,,
planta1,decay,ks,Nivel Ecualizador 2 (Tk 250m3),numeric,0.2602515262151461,0.15,ks,True,,,,,,
planta1,decay,ks,Temperatura DAF,numeric,6.33131786381691e-05,0.15,ks,False,,,,,,
planta1,decay,ks,Turbidez salida DAF,numeric,0.3074803561154781,0.15,ks,True,,,,,,
planta1,decay,ks,pH Clarificado DAF (Tk 80m3),numeric,0.4336511495287912,0.15,ks,True,,,,,,
planta1,decay,ks,pH coagulación entrada DAF,numeric,0.6420336177013221,0.15,ks,True,,,,,,
planta1,decay,ks,pH entrada a Ecualizador 1,numeric,6.330917033336991e-05,0.15,ks,False,,,,,,
planta1,decay,ks,pH entrada a Ecualizador 2 (Tk 250m3),numeric,0.4874050664900338,0.15,ks,True,,,,,,
planta1,decay,ks,pH salida a Parshall 02,numeric,0.2324690559984677,0.15,ks,True,,,,,,
planta1,decay,ks,pH salida y control Ecualizador 1,numeric,0.7779834486662843,0.15,ks,True,,,,,,
planta1,decay,ks,planta1_activa,categorical,0.0026610872656746,0.2,ks,False,,,,,,
planta1,decay,mannwhitney,Conductividad DAF,numeric,0.4082147525676937,0.55,mannwhitney,False,,,,,,
planta1,decay,mannwhitney,Flujo Parshall 01 entrada a Ecualizador 1,numeric,0.5737069431952642,0.55,mannwhitney,True,,,,,,
planta1,decay,mannwhitney,Flujo de envío a DAF,numeric,0.5627234752305761,0.55,mannwhitney,True,,,,,,
planta1,decay,mannwhitney,Nivel Clarificado DAF (Tk 80m3),numeric,0.6206748270691625,0.55,mannwhitney,True,,,,,,
planta1,decay,mannwhitney,Nivel Ecualizador 1 (Tk 30m3),numeric,0.2309379838299963,0.55,mannwhitney,False,,,,,,
planta1,decay,mannwhitney,Nivel Ecualizador 2 (Tk 250m3),numeric,0.371313043388813,0.55,mannwhitney,False,,,,,,
planta1,decay,mannwhitney,Temperatura DAF,numeric,0.500031656589319,0.55,mannwhitney,False,,,,,,
planta1,decay,mannwhitney,Turbidez salida DAF,numeric,0.6315363932424487,0.55,mannwhitney,True,,,,,,
planta1,decay,mannwhitney,pH Clarificado DAF (Tk 80m3),numeric,0.6779529102470074,0.55,mannwhitney,True,,,,,,
planta1,decay,mannwhitney,pH coagulación entrada DAF,numeric,0.6938361518322194,0.55,mannwhitney,True,,,,,,
planta1,decay,mannwhitney,pH entrada a Ecualizador 1,numeric,0.5000316545851666,0.55,mannwhitney,False,,,,,,
planta1,decay,mannwhitney,pH entrada a Ecualizador 2 (Tk 250m3),numeric,0.2131434219778446,0.55,mannwhitney,False,,,,,,
planta1,decay,mannwhitney,pH salida a Parshall 02,numeric,0.5461745641593136,0.55,mannwhitney,False,,,,,,
planta1,decay,mannwhitney,pH salida y control Ecualizador 1,numeric,0.0620899676826536,0.55,mannwhitney,False,,,,,,
planta1,decay,mannwhitney,planta1_activa,categorical,0.0026610872656746,0.2,mannwhitney,False,,,,,,
planta1,decay,psi,Conductividad DAF,numeric,1.9207146647197768,0.2,psi,True,,,,,,
planta1,decay,psi,Flujo Parshall 01 entrada a Ecualizador 1,numeric,0.0906965545642882,0.2,psi,False,,,,,,
planta1,decay,psi,Flujo de envío a DAF,numeric,0.3108447638889181,0.2,psi,True,,,,,,
planta1,decay,psi,Nivel Clarificado DAF (Tk 80m3),numeric,2.1314393628801263,0.2,psi,True,,,,,,
planta1,decay,psi,Nivel Ecualizador 1 (Tk 30m3),numeric,6.724964984325773,0.2,psi,True,,,,,,
planta1,decay,psi,Nivel Ecualizador 2 (Tk 250m3),numeric,1.4833810967578636,0.2,psi,True,,,,,,
planta1,decay,psi,Temperatura DAF,numeric,0.0,0.2,psi,False,,,,,,
planta1,decay,psi,Turbidez salida DAF,numeric,0.7706190420867185,0.2,psi,True,,,,,,
planta1,decay,psi,pH Clarificado DAF (Tk 80m3),numeric,5.687027789863746,0.2,psi,True,,,,,,
planta1,decay,psi,pH coagulación entrada DAF,numeric,4.4445991187501965,0.2,psi,True,,,,,,
planta1,decay,psi,pH entrada a Ecualizador 1,numeric,0.0,0.2,psi,False,,,,,,
planta1,decay,psi,pH entrada a Ecualizador 2 (Tk 250m3),numeric,1.2713639322609065,0.2,psi,True,,,,,,
planta1,decay,psi,pH salida a Parshall 02,numeric,0.8554272847175635,0.2,psi,True,,,,,,
planta1,decay,psi,pH salida y control Ecualizador 1,numeric,9.59531115382246,0.2,psi,True,,,,,,
planta1,decay,psi,planta1_activa,categorical,0.0026610872656746,0.2,psi,False,,,,,,
planta1,decay,wasserstein,Conductividad DAF,numeric,0.8573461989783205,0.1416693856383525,wasserstein,True,,,,,,
planta1,decay,wasserstein,Flujo Parshall 01 entrada a Ecualizador 1,numeric,0.634690749396784,1.2729463432464327,wasserstein,False,,,,,,
planta1,decay,wasserstein,Flujo de envío a DAF,numeric,0.563773672141942,1.5662016611159917,wasserstein,False,,,,,,
planta1,decay,wasserstein,Nivel Clarificado DAF (Tk 80m3),numeric,8.758333415921232,14.058208975238747,wasserstein,False,,,,,,
planta1,decay,wasserstein,Nivel Ecualizador 1 (Tk 30m3),numeric,7.97433763363872,4.32975522261025,wasserstein,True,,,,,,
planta1,decay,wasserstein,Nivel Ecualizador 2 (Tk 250m3),numeric,6.901106951408518,7.924148813133757,wasserstein,False,,,,,,
planta1,decay,wasserstein,Temperatura DAF,numeric,0.0019943651271011,0.1320994053906383,wasserstein,False,,,,,,
planta1,decay,wasserstein,Turbidez salida DAF,numeric,327.3809797309098,650.9132213045203,wasserstein,False,,,,,,
planta1,decay,wasserstein,pH Clarificado DAF (Tk 80m3),numeric,0.5234200429921217,0.3397019199664194,wasserstein,True,,,,,,
planta1,decay,wasserstein,pH coagulación entrada DAF,numeric,0.7980790525665052,0.6476875949793879,wasserstein,True,,,,,,
planta1,decay,wasserstein,pH entrada a Ecualizador 1,numeric,0.0013294925770007,0.0835440906254936,wasserstein,False,,,,,,
planta1,decay,wasserstein,pH entrada a Ecualizador 2 (Tk 250m3),numeric,0.09550504006027,0.0872383037798202,wasserstein,True,,,,,,
planta1,decay,wasserstein,pH salida a Parshall 02,numeric,1.0766227314979997,0.671202715145907,wasserstein,True,,,,,,
planta1,decay,wasserstein,pH salida y control Ecualizador 1,numeric,0.8477728208211418,0.3388319776815444,wasserstein,True,,,,,,
planta1,decay,wasserstein,planta1_activa,categorical,0.0026610872656746,0.2,wasserstein,False,,,,,,
planta1,golden,ks,Conductividad DAF,numeric,0.5031126351886046,0.15,ks,True,,,,,,
planta1,golden,ks,Flujo Parshall 01 entrada a Ecualizador 1,numeric,0.2626238836341711,0.15,ks,True,,,,,,
planta1,golden,ks,Flujo de envío a DAF,numeric,0.3428364170780419,0.15,ks,True,,,,,,
planta1,golden,ks,Nivel Clarificado DAF (Tk 80m3),numeric,0.69602316262828,0.15,ks,True,,,,,,
planta1,golden,ks,Nivel Ecualizador 1 (Tk 30m3),numeric,0.6904761904761905,0.15,ks,True,,,,,,
planta1,golden,ks,Nivel Ecualizador 2 (Tk 250m3),numeric,1.0,0.15,ks,True,,,,,,
planta1,golden,ks,Turbidez salida DAF,numeric,0.6848092600268807,0.15,ks,True,,,,,,
planta1,golden,ks,pH Clarificado DAF (Tk 80m3),numeric,1.0,0.15,ks,True,,,,,,
planta1,golden,ks,pH coagulación entrada DAF,numeric,0.9453756390448556,0.15,ks,True,,,,,,
planta1,golden,ks,pH entrada a Ecualizador 2 (Tk 250m3),numeric,0.988795518207283,0.15,ks,True,,,,,,
planta1,golden,ks,pH salida a Parshall 02,numeric,0.2780727537651832,0.15,ks,True,,,,,,
planta1,golden,ks,pH salida y control Ecualizador 1,numeric,0.6737668161434978,0.15,ks,True,,,,,,
planta1,golden,ks,planta1_activa,categorical,4.405437658128626,0.2,ks,True,,,,,,
planta1,golden,mannwhitney,Conductividad DAF,numeric,0.6603481302835036,0.55,mannwhitney,True,,,,,,
planta1,golden,mannwhitney,Flujo Parshall 01 entrada a Ecualizador 1,numeric,0.4011364635540315,0.55,mannwhitney,False,,,,,,
planta1,golden,mannwhitney,Flujo de envío a DAF,numeric,0.3877675509665749,0.55,mannwhitney,False,,,,,,
planta1,golden,mannwhitney,Nivel Clarificado DAF (Tk 80m3),numeric,0.2325851641104872,0.55,mannwhitney,False,,,,,,
planta1,golden,mannwhitney,Nivel Ecualizador 1 (Tk 30m3),numeric,0.8452380952380952,0.55,mannwhitney,True,,,,,,
planta1,golden,mannwhitney,Nivel Ecualizador 2 (Tk 250m3),numeric,0.0,0.55,mannwhitney,False,,,,,,
planta1,golden,mannwhitney,Turbidez salida DAF,numeric,0.1060530265918026,0.55,mannwhitney,False,,,,,,
planta1,golden,mannwhitney,pH Clarificado DAF (Tk 80m3),numeric,1.0,0.55,mannwhitney,True,,,,,,
planta1,golden,mannwhitney,pH coagulación entrada DAF,numeric,0.9537075592568868,0.55,mannwhitney,True,,,,,,
planta1,golden,mannwhitney,pH entrada a Ecualizador 2 (Tk 250m3),numeric,0.0069481604300913,0.55,mannwhitney,False,,,,,,
planta1,golden,mannwhitney,pH salida a Parshall 02,numeric,0.609410916833101,0.55,mannwhitney,True,,,,,,
planta1,golden,mannwhitney,pH salida y control Ecualizador 1,numeric,0.3231214907487659,0.55,mannwhitney,False,,,,,,
planta1,golden,mannwhitney,planta1_activa,categorical,4.405437658128626,0.2,mannwhitney,True,,,,,,
planta1,golden,psi,Conductividad DAF,numeric,3.130745085762933,0.2,psi,True,,,,,,
planta1,golden,psi,Flujo Parshall 01 entrada a Ecualizador 1,numeric,1.4666495570486895,0.2,psi,True,,,,,,
planta1,golden,psi,Flujo de envío a DAF,numeric,0.4760738866410896,0.2,psi,True,,,,,,
planta1,golden,psi,Nivel Clarificado DAF (Tk 80m3),numeric,7.3548462136380515,0.2,psi,True,,,,,,
planta1,golden,psi,Nivel Ecualizador 1 (Tk 30m3),numeric,0.0,0.2,psi,False,,,,,,
planta1,golden,psi,Nivel Ecualizador 2 (Tk 250m3),numeric,inf,0.2,psi,True,,,,,,
planta1,golden,psi,Turbidez salida DAF,numeric,2.10346937338623,0.2,psi,True,,,,,,
planta1,golden,psi,pH Clarificado DAF (Tk 80m3),numeric,inf,0.2,psi,True,,,,,,
planta1,golden,psi,pH coagulación entrada DAF,numeric,11.29015118631698,0.2,psi,True,,,,,,
planta1,golden,psi,pH entrada a Ecualizador 2 (Tk 250m3),numeric,5.583396171279495,0.2,psi,True,,,,,,
planta1,golden,psi,pH salida a Parshall 02,numeric,0.5804229105038808,0.2,psi,True,,,,,,
planta1,golden,psi,pH salida y control Ecualizador 1,numeric,12.412563712254432,0.2,psi,True,,,,,,
planta1,golden,psi,planta1_activa,categorical,4.405437658128626,0.2,psi,True,,,,,,
planta1,golden,wasserstein,Conductividad DAF,numeric,245.759471860032,125.04050419683848,wasserstein,True,,,,,,
planta1,golden,wasserstein,Flujo Parshall 01 entrada a Ecualizador 1,numeric,0.8853989169843677,1.5143917219282572,wasserstein,False,,,,,,
planta1,golden,wasserstein,Flujo de envío a DAF,numeric,1.38055399869672,0.0170338820457984,wasserstein,True,,,,,,
planta1,golden,wasserstein,Nivel Clarificado DAF (Tk 80m3),numeric,17.284781671453032,9.8655451177987,wasserstein,True,,,,,,
planta1,golden,wasserstein,Nivel Ecualizador 1 (Tk 30m3),numeric,6.581443252349768,0.0,wasserstein,True,,,,,,
planta1,golden,wasserstein,Nivel Ecualizador 2 (Tk 250m3),numeric,51.93722849183307,2.4359414617700312,wasserstein,True,,,,,,
planta1,golden,wasserstein,Turbidez salida DAF,numeric,373.15347718573366,5.970453067410517,wasserstein,True,,,,,,
planta1,golden,wasserstein,pH Clarificado DAF (Tk 80m3),numeric,2.012421478035148,0.1083693851786968,wasserstein,True,,,,,,
planta1,golden,wasserstein,pH coagulación entrada DAF,numeric,0.9999635175168656,0.0730584318212929,wasserstein,True,,,,,,
planta1,golden,wasserstein,pH entrada a Ecualizador 2 (Tk 250m3),numeric,0.306458892027567,0.032359124555421,wasserstein,True,,,,,,
planta1,golden,wasserstein,pH salida a Parshall 02,numeric,1.0949382006568005,0.6937787423550446,wasserstein,True,,,,,,
planta1,golden,wasserstein,pH salida y control Ecualizador 1,numeric,1.9990035191613504,1.1562744284422417,wasserstein,True,,,,,,
planta1,golden,wasserstein,planta1_activa,categorical,4.405437658128626,0.2,wasserstein,True,,,,,,
planta1,seasonal,ks,Conductividad DAF,numeric,0.3188542673706651,0.15,ks,True,,,,,,
planta1,seasonal,ks,Flujo Parshall 01 entrada a Ecualizador 1,numeric,0.1236892987283408,0.15,ks,False,,,,,,
planta1,seasonal,ks,Flujo de envío a DAF,numeric,0.3001859150739942,0.15,ks,True,,,,,,
planta1,seasonal,ks,Nivel Clarificado DAF (Tk 80m3),numeric,0.3875883096601472,0.15,ks,True,,,,,,
planta1,seasonal,ks,Nivel Ecualizador 1 (Tk 30m3),numeric,0.559945217024863,0.15,ks,True,,,,,,
planta1,seasonal,ks,Nivel Ecualizador 2 (Tk 250m3),numeric,0.7627413797377358,0.15,ks,True,,,,,,
planta1,seasonal,ks,Turbidez salida DAF,numeric,0.4285986961156144,0.15,ks,True,,,,,,
planta1,seasonal,ks,pH Clarificado DAF (Tk 80m3),numeric,0.7610619469026548,0.15,ks,True,,,,,,
planta1,seasonal,ks,pH coagulación entrada DAF,numeric,0.9504201680672268,0.15,ks,True,,,,,,
planta1,seasonal,ks,pH entrada a Ecualizador 2 (Tk 250m3),numeric,0.7440445204630525,0.15,ks,True,,,,,,
planta1,seasonal,ks,pH salida a Parshall 02,numeric,0.4758471530205002,0.15,ks,True,,,,,,
planta1,seasonal,ks,pH salida y control Ecualizador 1,numeric,0.4108301727770754,0.15,ks,True,,,,,,
planta1,seasonal,ks,planta1_activa,categorical,4.405437658128626,0.2,ks,True,,,,,,
planta1,seasonal,mannwhitney,Conductividad DAF,numeric,0.5570182940432811,0.55,mannwhitney,True,,,,,,
planta1,seasonal,mannwhitney,Flujo Parshall 01 entrada a Ecualizador 1,numeric,0.4707199251381969,0.55,mannwhitney,False,,,,,,
planta1,seasonal,mannwhitney,Flujo de envío a DAF,numeric,0.4212937829999256,0.55,mannwhitney,False,,,,,,
planta1,seasonal,mannwhitney,Nivel Clarificado DAF (Tk 80m3),numeric,0.3533774571775613,0.55,mannwhitney,False,,,,,,
planta1,seasonal,mannwhitney,Nivel Ecualizador 1 (Tk 30m3),numeric,0.7349083438685209,0.55,mannwhitney,True,,,,,,
planta1,seasonal,mannwhitney,Nivel Ecualizador 2 (Tk 250m3),numeric,0.1224467663171463,0.55,mannwhitney,False,,,,,,
planta1,seasonal,mannwhitney,Turbidez salida DAF,numeric,0.2349049354254976,0.55,mannwhitney,False,,,,,,
planta1,seasonal,mannwhitney,pH Clarificado DAF (Tk 80m3),numeric,0.7610712426563546,0.55,mannwhitney,True,,,,,,
planta1,seasonal,mannwhitney,pH coagulación entrada DAF,numeric,0.9560248878312388,0.55,mannwhitney,True,,,,,,
planta1,seasonal,mannwhitney,pH entrada a Ecualizador 2 (Tk 250m3),numeric,0.0594605983986515,0.55,mannwhitney,False,,,,,,
planta1,seasonal,mannwhitney,pH salida a Parshall 02,numeric,0.7506655759648992,0.55,mannwhitney,True,,,,,,
planta1,seasonal,mannwhitney,pH salida y control Ecualizador 1,numeric,0.4490109318063509,0.55,mannwhitney,False,,,,,,
planta1,seasonal,mannwhitney,planta1_activa,categorical,4.405437658128626,0.2,mannwhitney,True,,,,,,
planta1,seasonal,psi,Conductividad DAF,numeric,3.061523155355955,0.2,psi,True,,,,,,
planta1,seasonal,psi,Flujo Parshall 01 entrada a Ecualizador 1,numeric,0.1238795617342145,0.2,psi,False,,,,,,
planta1,seasonal,psi,Flujo de envío a DAF,numeric,1.1229277062739331,0.2,psi,True,,,,,,
planta1,seasonal,psi,Nivel Clarificado DAF (Tk 80m3),numeric,6.720714194207176,0.2,psi,True,,,,,,
planta1,seasonal,psi,Nivel Ecualizador 1 (Tk 30m3),numeric,1.184366115671195,0.2,psi,True,,,,,,
planta1,seasonal,psi,Nivel Ecualizador 2 (Tk 250m3),numeric,10.126487344209686,0.2,psi,True,,,,,,
planta1,seasonal,psi,Turbidez salida DAF,numeric,1.1606474712093022,0.2,psi,True,,,,,,
planta1,seasonal,psi,pH Clarificado DAF (Tk 80m3),numeric,12.445212205836285,0.2,psi,True,,,,,,
planta1,seasonal,psi,pH coagulación entrada DAF,numeric,5.9455334101137485,0.2,psi,True,,,,,,
planta1,seasonal,psi,pH entrada a Ecualizador 2 (Tk 250m3),numeric,4.73662972799524,0.2,psi,True,,,,,,
planta1,seasonal,psi,pH salida a Parshall 02,numeric,1.1737616166547449,0.2,psi,True,,,,,,
planta1,seasonal,psi,pH salida y control Ecualizador 1,numeric,9.025087734353706,0.2,psi,True,,,,,,
planta1,seasonal,psi,planta1_activa,categorical,4.405437658128626,0.2,psi,True,,,,,,
planta1,seasonal,wasserstein,Conductividad DAF,numeric,63.33833488816247,83.68933995223277,wasserstein,False,,,,,,
planta1,seasonal,wasserstein,Flujo Parshall 01 entrada a Ecualizador 1,numeric,0.4840421126221031,1.1100186352166908,wasserstein,False,,,,,,
planta1,seasonal,wasserstein,Flujo de envío a DAF,numeric,1.365821124607382,0.0376074102467598,wasserstein,True,,,,,,
planta1,seasonal,wasserstein,Nivel Clarificado DAF (Tk 80m3),numeric,20.27554672447491,1.8058476715559657,wasserstein,True,,,,,,
planta1,seasonal,wasserstein,Nivel Ecualizador 1 (Tk 30m3),numeric,5.970030699166074,3.644920522789632,wasserstein,True,,,,,,
planta1,seasonal,wasserstein,Nivel Ecualizador 2 (Tk 250m3),numeric,39.60116117100046,11.468172790610394,wasserstein,True,,,,,,
planta1,seasonal,wasserstein,Turbidez salida DAF,numeric,372.3201502701391,3.378992988012976,wasserstein,True,,,,,,
planta1,seasonal,wasserstein,pH Clarificado DAF (Tk 80m3),numeric,1.42776336426722,0.5179226762570808,wasserstein,True,,,,,,
planta1,seasonal,wasserstein,pH coagulación entrada DAF,numeric,0.9468769166877428,0.0968812729577942,wasserstein,True,,,,,,
planta1,seasonal,wasserstein,pH entrada a Ecualizador 2 (Tk 250m3),numeric,0.2278816441324038,0.0585949191883853,wasserstein,True,,,,,,
planta1,seasonal,wasserstein,pH salida a Parshall 02,numeric,1.695876122178345,0.5906658305222114,wasserstein,True,,,,,,
planta1,seasonal,wasserstein,pH salida y control Ecualizador 1,numeric,1.288550518275708,0.8533654275853945,wasserstein,True,,,,,,
planta1,seasonal,wasserstein,planta1_activa,categorical,4.405437658128626,0.2,wasserstein,True,,,,,,
planta2,decay,ks,Flujo Afluente PTAR,numeric,0.1338349456511827,0.15,ks,False,,,,,,
planta2,decay,ks,Flujo Aire Reactor 2,numeric,0.7040096947429266,0.15,ks,True,,,,,,
planta2,decay,ks,Flujo Aire Reactor 3,numeric,0.1435545899510538,0.15,ks,False,,,,,,
planta2,decay,ks,Flujo Alimentación Digestor 1,numeric,0.0756956333834437,0.15,ks,False,,,,,,
planta2,decay,ks,Flujo Alimentación Digestor 2,numeric,0.0206579964378129,0.15,ks,False,,,,,,
planta2,decay,ks,Flujo Alimentación Digestor 3,numeric,0.0372045878875725,0.15,ks,False,,,,,,
planta2,decay,ks,Flujo Cámara de contacto 1,numeric,0.1900347696544337,0.15,ks,True,,,,,,
planta2,decay,ks,Flujo Cámara de contacto 2,numeric,0.1877467401350783,0.15,ks,True,,,,,,
planta2,decay,ks,Flujo Salida de Lodo Sedimentador Secundario 3,numeric,0.7483098026497794,0.15,ks,True,,,,,,
planta2,decay,ks,Nivel Pozo WAS,numeric,0.7946387612898909,0.15,ks,True,,,,,,
planta2,decay,ks,OD Reactor 1,numeric,0.2127914097324086,0.15,ks,True,,,,,,
planta2,decay,mannwhitney,Flujo Afluente PTAR,numeric,0.4573041129175177,0.55,mannwhitney,False,,,,,,
planta2,decay,mannwhitney,Flujo Aire Reactor 2,numeric,0.2134474557421395,0.55,mannwhitney,False,,,,,,
planta2,decay,mannwhitney,Flujo Aire Reactor 3,numeric,0.4882817553173778,0.55,mannwhitney,False,,,,,,
planta2,decay,mannwhitney,Flujo Alimentación Digestor 1,numeric,0.5295857037211371,0.55,mannwhitney,False,,,,,,
planta2,decay,mannwhitney,Flujo Alimentación Digestor 2,numeric,0.4896342037167725,0.55,mannwhitney,False,,,,,,
planta2,decay,mannwhitney,Flujo Alimentación Digestor 3,numeric,0.4962620878585073,0.55,mannwhitney,False,,,,,,
planta2,decay,mannwhitney,Flujo Cámara de contacto 1,numeric,0.5100932710100946,0.55,mannwhitney,False,,,,,,
planta2,decay,mannwhitney,Flujo Cámara de contacto 2,numeric,0.52882825732616,0.55,mannwhitney,False,,,,,,
planta2,decay,mannwhitney,Flujo Salida de Lodo Sedimentador Secundario 3,numeric,0.8732675119501503,0.55,mannwhitney,True,,,,,,
planta2,decay,mannwhitney,Nivel Pozo WAS,numeric,0.8857511264184015,0.55,mannwhitney,True,,,,,,
planta2,decay,mannwhitney,OD Reactor 1,numeric,0.4026901550862302,0.55,mannwhitney,False,,,,,,
planta2,decay,psi,Flujo Afluente PTAR,numeric,1.8957262398551036,0.2,psi,True,,,,,,
planta2,decay,psi,Flujo Aire Reactor 2,numeric,3.2161160028717006,0.2,psi,True,,,,,,
planta2,decay,psi,Flujo Aire Reactor 3,numeric,0.3113890494033683,0.2,psi,True,,,,,,
planta2,decay,psi,Flujo Alimentación Digestor 1,numeric,0.1391250512312175,0.2,psi,False,,,,,,
planta2,decay,psi,Flujo Alimentación Digestor 2,numeric,7.95189759299054e-05,0.2,psi,False,,,,,,
planta2,decay,psi,Flujo Alimentación Digestor 3,numeric,0.0112542175322069,0.2,psi,False,,,,,,
planta2,decay,psi,Flujo Cámara de contacto 1,numeric,1.7483881624445314,0.2,psi,True,,,,,,
planta2,decay,psi,Flujo Cámara de contacto 2,numeric,1.6684729967322651,0.2,psi,True,,,,,,
planta2,decay,psi,Flujo Salida de Lodo Sedimentador Secundario 3,numeric,9.242441071339416,0.2,psi,True,,,,,,
planta2,decay,psi,Nivel Pozo WAS,numeric,5.860370490053841,0.2,psi,True,,,,,,
planta2,decay,psi,OD Reactor 1,numeric,0.2415853628045547,0.2,psi,True,,,,,,
planta2,decay,wasserstein,Flujo Afluente PTAR,numeric,250.61768367859085,487.1074371647927,wasserstein,False,,,,,,
planta2,decay,wasserstein,Flujo Aire Reactor 2,numeric,546.4028213791415,59.22209096888484,wasserstein,True,,,,,,
planta2,decay,wasserstein,Flujo Aire Reactor 3,numeric,136.19584928800543,1128.0285931614806,wasserstein,False,,,,,,
planta2,decay,wasserstein,Flujo Alimentación Digestor 1,numeric,0.1033012453096555,3.266309093793401,wasserstein,False,,,,,,
planta2,decay,wasserstein,Flujo Alimentación Digestor 2,numeric,0.001412153810464,0.0080817590473168,wasserstein,False,,,,,,
planta2,decay,wasserstein,Flujo Alimentación Digestor 3,numeric,0.097832411260092,3.271956071255376,wasserstein,False,,,,,,
planta2,decay,wasserstein,Flujo Cámara de contacto 1,numeric,154.9634125265257,251.88192112225792,wasserstein,False,,,,,,
planta2,decay,wasserstein,Flujo Cámara de contacto 2,numeric,147.48410739187315,266.91278429356885,wasserstein,False,,,,,,
planta2,decay,wasserstein,Flujo Salida de Lodo Sedimentador Secundario 3,numeric,16.878055385756415,5.621714528875271,wasserstein,True,,,,,,
planta2,decay,wasserstein,Nivel Pozo WAS,numeric,0.3498360440070183,0.1207146428942435,wasserstein,True,,,,,,
planta2,decay,wasserstein,OD Reactor 1,numeric,1.3791115415106072,1.718869166711711,wasserstein,False,,,,,,
planta2,golden,ks,Flujo Afluente PTAR,numeric,0.7960772048020502,0.15,ks,True,,,,,,
planta2,golden,ks,Flujo Aire Reactor 2,numeric,0.7971555651615031,0.15,ks,True,,,,,,
planta2,golden,ks,Flujo Aire Reactor 3,numeric,0.6508383254148592,0.15,ks,True,,,,,,
planta2,golden,ks,Flujo Alimentación Digestor 1,numeric,0.6125906868931533,0.15,ks,True,,,,,,
planta2,golden,ks,Flujo Alimentación Digestor 2,numeric,0.846875,0.15,ks,True,,,,,,
planta2,golden,ks,Flujo Alimentación Digestor 3,numeric,0.4934409864944216,0.15,ks,True,,,,,,
planta2,golden,ks,Flujo Cámara de contacto 1,numeric,0.699992749288524,0.15,ks,True,,,,,,
planta2,golden,ks,Flujo Cámara de contacto 2,numeric,0.5576436821768623,0.15,ks,True,,,,,,
planta2,golden,ks,Flujo Salida de Lodo Sedimentador Secundario 3,numeric,1.0,0.15,ks,True,,,,,,
planta2,golden,ks,Nivel Pozo WAS,numeric,0.9885198388788468,0.15,ks,True,,,,,,
planta2,golden,ks,OD Reactor 1,numeric,1.0,0.15,ks,True,,,,,,
planta2,golden,ks,OD Reactor 2,categorical,1.6309667336598697,0.2,ks,True,,,,,,
planta2,golden,mannwhitney,Flujo Afluente PTAR,numeric,0.1084740191876016,0.55,mannwhitney,False,,,,,,
planta2,golden,mannwhitney,Flujo Aire Reactor 2,numeric,0.1425829129151333,0.55,mannwhitney,False,,,,,,
planta2,golden,mannwhitney,Flujo Aire Reactor 3,numeric,0.3312891620188666,0.55,mannwhitney,False,,,,,,
planta2,golden,mannwhitney,Flujo Alimentación Digestor 1,numeric,0.2646436320607258,0.55,mannwhitney,False,,,,,,
planta2,golden,mannwhitney,Flujo Alimentación Digestor 2,numeric,0.8567083333333333,0.55,mannwhitney,True,,,,,,
planta2,golden,mannwhitney,Flujo Alimentación Digestor 3,numeric,0.4867623311802701,0.55,mannwhitney,False,,,,,,
planta2,golden,mannwhitney,Flujo Cámara de contacto 1,numeric,0.2620821453819442,0.55,mannwhitney,False,,,,,,
planta2,golden,mannwhitney,Flujo Cámara de contacto 2,numeric,0.3826997782039437,0.55,mannwhitney,False,,,,,,
planta2,golden,mannwhitney,Flujo Salida de Lodo Sedimentador Secundario 3,numeric,1.0,0.55,mannwhitney,True,,,,,,
planta2,golden,mannwhitney,Nivel Pozo WAS,numeric,0.9930192921380911,0.55,mannwhitney,True,,,,,,
planta2,golden,mannwhitney,OD Reactor 1,numeric,0.0,0.55,mannwhitney,False,,,,,,
planta2,golden,mannwhitney,OD Reactor 2,categorical,1.6309667336598697,0.2,mannwhitney,True,,,,,,
planta2,golden,psi,Flujo Afluente PTAR,numeric,3.71260868348843,0.2,psi,True,,,,,,
planta2,golden,psi,Flujo Aire Reactor 2,numeric,2.519008142651576,0.2,psi,True,,,,,,
planta2,golden,psi,Flujo Aire Reactor 3,numeric,1.1813997772398863,0.2,psi,True,,,,,,
planta2,golden,psi,Flujo Alimentación Digestor 1,numeric,2.6021402712389428,0.2,psi,True,,,,,,
planta2,golden,psi,Flujo Alimentación Digestor 2,numeric,12.416428250955844,0.2,psi,True,,,,,,
planta2,golden,psi,Flujo Alimentación Digestor 3,numeric,1.50016371677342,0.2,psi,True,,,,,,
planta2,golden,psi,Flujo Cámara de contacto 1,numeric,0.4779144614204242,0.2,psi,True,,,,,,
planta2,golden,psi,Flujo Cámara de contacto 2,numeric,1.6413126853550213,0.2,psi,True,,,,,,
planta2,golden,psi,Flujo Salida de Lodo Sedimentador Secundario 3,numeric,inf,0.2,psi,True,,,,,,
planta2,golden,psi,Nivel Pozo WAS,numeric,0.0,0.2,psi,False,,,,,,
planta2,golden,psi,OD Reactor 1,numeric,0.0,0.2,psi,False,,,,,,
planta2,golden,psi,OD Reactor 2,categorical,1.6309667336598697,0.2,psi,True,,,,,,
planta2,golden,wasserstein,Flujo Afluente PTAR,numeric,1391.7537974855804,315.5394291888116,wasserstein,True,,,,,,
planta2,golden,wasserstein,Flujo Aire Reactor 2,numeric,702.8295387154448,24.599602360775886,wasserstein,True,,,,,,
planta2,golden,wasserstein,Flujo Aire Reactor 3,numeric,856.3321704269855,398.763477642335,wasserstein,True,,,,,,
planta2,golden,wasserstein,Flujo Alimentación Digestor 1,numeric,6.915543860056417,3.240652955843627,wasserstein,True,,,,,,
planta2,golden,wasserstein,Flujo Alimentación Digestor 2,numeric,9.347332732061153,2.0490922065856934,wasserstein,True,,,,,,
planta2,golden,wasserstein,Flujo Alimentación Digestor 3,numeric,4.656839978082558,1.066646196174413,wasserstein,True,,,,,,
planta2,golden,wasserstein,Flujo Cámara de contacto 1,numeric,321.73553515145284,106.77095396174084,wasserstein,True,,,,,,
planta2,golden,wasserstein,Flujo Cámara de contacto 2,numeric,273.1517415921716,101.71684637226768,wasserstein,True,,,,,,
planta2,golden,wasserstein,Flujo Salida de Lodo Sedimentador Secundario 3,numeric,5.366626327236004,0.4245191051699918,wasserstein,True,,,,,,
planta2,golden,wasserstein,Nivel Pozo WAS,numeric,0.9911813325977088,0.0830414746802743,wasserstein,True,,,,,,
planta2,golden,wasserstein,OD Reactor 1,numeric,11.112186046511628,2.319180260577507e-16,wasserstein,True,,,,,,
planta2,golden,wasserstein,OD Reactor 2,categorical,1.6309667336598697,0.2,wasserstein,True,,,,,,
planta2,seasonal,ks,Flujo Afluente PTAR,numeric,0.2721108742004264,0.15,ks,True,,,,,,
planta2,seasonal,ks,Flujo Aire Reactor 2,numeric,0.6144862570770804,0.15,ks,True,,,,,,
planta2,seasonal,ks,Flujo Aire Reactor 3,numeric,0.131169303509729,0.15,ks,False,,,,,,
planta2,seasonal,ks,Flujo Alimentación Digestor 1,numeric,0.2275006218009975,0.15,ks,True,,,,,,
planta2,seasonal,ks,Flujo Alimentación Digestor 2,numeric,0.1221532091097308,0.15,ks,False,,,,,,
planta2,seasonal,ks,Flujo Alimentación Digestor 3,numeric,0.122412704252123,0.15,ks,False,,,,,,
planta2,seasonal,ks,Flujo Cámara de contacto 1,numeric,0.2704280155642023,0.15,ks,True,,,,,,
planta2,seasonal,ks,Flujo Cámara de contacto 2,numeric,0.2699029126213592,0.15,ks,True,,,,,,
planta2,seasonal,ks,Flujo Salida de Lodo Sedimentador Secundario 3,numeric,0.8185328185328186,0.15,ks,True,,,,,,
planta2,seasonal,ks,Nivel Pozo WAS,numeric,0.728030283826375,0.15,ks,True,,,,,,
planta2,seasonal,ks,OD Reactor 1,numeric,0.107235142118863,0.15,ks,False,,,,,,
planta2,seasonal,mannwhitney,Flujo Afluente PTAR,numeric,0.4832316439779126,0.55,mannwhitney,False,,,,,,
planta2,seasonal,mannwhitney,Flujo Aire Reactor 2,numeric,0.2171332746087338,0.55,mannwhitney,False,,,,,,
planta2,seasonal,mannwhitney,Flujo Aire Reactor 3,numeric,0.4581963766139298,0.55,mannwhitney,False,,,,,,
planta2,seasonal,mannwhitney,Flujo Alimentación Digestor 1,numeric,0.4844860651123823,0.55,mannwhitney,False,,,,,,
planta2,seasonal,mannwhitney,Flujo Alimentación Digestor 2,numeric,0.5664596273291925,0.55,mannwhitney,True,,,,,,
planta2,seasonal,mannwhitney,Flujo Alimentación Digestor 3,numeric,0.5158652932340048,0.55,mannwhitney,False,,,,,,
planta2,seasonal,mannwhitney,Flujo Cámara de contacto 1,numeric,0.5149521363869711,0.55,mannwhitney,False,,,,,,
planta2,seasonal,mannwhitney,Flujo Cámara de contacto 2,numeric,0.5532229049235378,0.55,mannwhitney,True,,,,,,
planta2,seasonal,mannwhitney,Flujo Salida de Lodo Sedimentador Secundario 3,numeric,0.8189733300989845,0.55,mannwhitney,True,,,,,,
planta2,seasonal,mannwhitney,Nivel Pozo WAS,numeric,0.8447069493382454,0.55,mannwhitney,True,,,,,,
planta2,seasonal,mannwhitney,OD Reactor 1,numeric,0.4683462532299741,0.55,mannwhitney,False,,,,,,
planta2,seasonal,psi,Flujo Afluente PTAR,numeric,3.1633841867972725,0.2,psi,True,,,,,,
planta2,seasonal,psi,Flujo Aire Reactor 2,numeric,1.7464124818165256,0.2,psi,True,,,,,,
planta2,seasonal,psi,Flujo Aire Reactor 3,numeric,0.2235425422904011,0.2,psi,True,,,,,,
planta2,seasonal,psi,Flujo Alimentación Digestor 1,numeric,0.5405176750768187,0.2,psi,True,,,,,,
planta2,seasonal,psi,Flujo Alimentación Digestor 2,numeric,0.1651529591475076,0.2,psi,False,,,,,,
planta2,seasonal,psi,Flujo Alimentación Digestor 3,numeric,0.2433406011166543,0.2,psi,True,,,,,,
planta2,seasonal,psi,Flujo Cámara de contacto 1,numeric,3.4651706885310407,0.2,psi,True,,,,,,
planta2,seasonal,psi,Flujo Cámara de contacto 2,numeric,2.993676281389289,0.2,psi,True,,,,,,
planta2,seasonal,psi,Flujo Salida de Lodo Sedimentador Secundario 3,numeric,11.708688239047715,0.2,psi,True,,,,,,
planta2,seasonal,psi,Nivel Pozo WAS,numeric,5.894247516209219,0.2,psi,True,,,,,,
planta2,seasonal,psi,OD Reactor 1,numeric,0.1123487692515351,0.2,psi,False,,,,,,
planta2,seasonal,wasserstein,Flujo Afluente PTAR,numeric,483.6373879885589,440.5916107261406,wasserstein,True,,,,,,
planta2,seasonal,wasserstein,Flujo Aire Reactor 2,numeric,533.4771642375473,43.51897729455707,wasserstein,True,,,,,,
planta2,seasonal,wasserstein,Flujo Aire Reactor 3,numeric,174.80098730072132,1175.4593439414894,wasserstein,False,,,,,,
planta2,seasonal,wasserstein,Flujo Alimentación Digestor 1,numeric,1.1718323137958797,3.324276721893232,wasserstein,False,,,,,,
planta2,seasonal,wasserstein,Flujo Alimentación Digestor 2,numeric,0.0039364803614823,0.0043228413042147,wasserstein,False,,,,,,
planta2,seasonal,wasserstein,Flujo Alimentación Digestor 3,numeric,0.4122871253206405,3.280115118660848,wasserstein,False,,,,,,
planta2,seasonal,wasserstein,Flujo Cámara de contacto 1,numeric,252.03674799886892,232.6479045485061,wasserstein,True,,,,,,
planta2,seasonal,wasserstein,Flujo Cámara de contacto 2,numeric,240.9593543082837,244.4828567956449,wasserstein,False,,,,,,
planta2,seasonal,wasserstein,Flujo Salida de Lodo Sedimentador Secundario 3,numeric,19.620790121972878,6.493300374742781,wasserstein,True,,,,,,
planta2,seasonal,wasserstein,Nivel Pozo WAS,numeric,0.6965011162255766,0.3933014598413865,wasserstein,True,,,,,,
planta2,seasonal,wasserstein,OD Reactor 1,numeric,0.5775193798449613,1.9159205708971676,wasserstein,False,,,,,,
planta3,decay,ks,Energía Total Activa Bombas Elevadoras,numeric,0.9717392603214436,0.15,ks,True,,,,,,
planta3,decay,ks,Nivel pozo,numeric,0.4907155010603029,0.15,ks,True,,,,,,
planta3,decay,ks,Presión pozo,numeric,0.8077313736033936,0.15,ks,True,,,,,,
planta3,decay,ks,Falla Asimetría Pozo,categorical,0.0005667300310506,0.2,ks,False,,,,,,
planta3,decay,ks,Falla Pozo,categorical,0.0005667300310506,0.2,ks,False,,,,,,
planta3,decay,mannwhitney,Energía Total Activa Bombas Elevadoras,numeric,0.0111882898677964,0.55,mannwhitney,False,,,,,,
planta3,decay,mannwhitney,Nivel pozo,numeric,0.2039145178267592,0.55,mannwhitney,False,,,,,,
planta3,decay,mannwhitney,Presión pozo,numeric,0.9043704705608208,0.55,mannwhitney,True,,,,,,
planta3,decay,mannwhitney,Falla Asimetría Pozo,categorical,0.0005667300310506,0.2,mannwhitney,False,,,,,,
planta3,decay,mannwhitney,Falla Pozo,categorical,0.0005667300310506,0.2,mannwhitney,False,,,,,,
planta3,decay,psi,Energía Total Activa Bombas Elevadoras,numeric,10.32375312074595,0.2,psi,True,,,,,,
planta3,decay,psi,Nivel pozo,numeric,6.024934616667858,0.2,psi,True,,,,,,
planta3,decay,psi,Presión pozo,numeric,11.2451619037309,0.2,psi,True,,,,,,
planta3,decay,psi,Falla Asimetría Pozo,categorical,0.0005667300310506,0.2,psi,False,,,,,,
planta3,decay,psi,Falla Pozo,categorical,0.0005667300310506,0.2,psi,False,,,,,,
planta3,decay,wasserstein,Energía Total Activa Bombas Elevadoras,numeric,2.950098920833016,0.7444320231860616,wasserstein,True,,,,,,
planta3,decay,wasserstein,Nivel pozo,numeric,0.1972203538456434,0.1608104629600384,wasserstein,True,,,,,,
planta3,decay,wasserstein,Presión pozo,numeric,2.7802332102149103,0.6827906395723465,wasserstein,True,,,,,,
planta3,decay,wasserstein,Falla Asimetría Pozo,categorical,0.0005667300310506,0.2,wasserstein,False,,,,,,
planta3,decay,wasserstein,Falla Pozo,categorical,0.0005667300310506,0.2,wasserstein,False,,,,,,
planta3,golden,ks,Energía Total Activa Bombas Elevadoras,numeric,1.0,0.15,ks,True,,,,,,
planta3,golden,ks,Nivel pozo,numeric,0.6489795918367347,0.15,ks,True,,,,,,
planta3,golden,ks,Presión pozo,numeric,1.0,0.15,ks,True,,,,,,
planta3,golden,mannwhitney,Energía Total Activa Bombas Elevadoras,numeric,0.0,0.55,mannwhitney,False,,,,,,
planta3,golden,mannwhitney,Nivel pozo,numeric,0.2494077898221603,0.55,mannwhitney,False,,,,,,
planta3,golden,mannwhitney,Presión pozo,numeric,1.0,0.55,mannwhitney,True,,,,,,
planta3,golden,psi,Energía Total Activa Bombas Elevadoras,numeric,inf,0.2,psi,True,,,,,,
planta3,golden,psi,Nivel pozo,numeric,1.91145347934524,0.2,psi,True,,,,,,
planta3,golden,psi,Presión pozo,numeric,inf,0.2,psi,True,,,,,,
planta3,golden,wasserstein,Energía Total Activa Bombas Elevadoras,numeric,2.2694341831688165,0.1199933222965683,wasserstein,True,,,,,,
planta3,golden,wasserstein,Nivel pozo,numeric,0.0941473485536643,0.1645265291168299,wasserstein,False,,,,,,
planta3,golden,wasserstein,Presión pozo,numeric,3.5022667998950325,0.0862778634749634,wasserstein,True,,,,,,
planta3,seasonal,ks,Energía Total Activa Bombas Elevadoras,numeric,1.0,0.15,ks,True,,,,,,
planta3,seasonal,ks,Nivel pozo,numeric,0.6362512363996043,0.15,ks,True,,,,,,
planta3,seasonal,ks,Presión pozo,numeric,1.0,0.15,ks,True,,,,,,
planta3,seasonal,mannwhitney,Energía Total Activa Bombas Elevadoras,numeric,0.0,0.55,mannwhitney,False,,,,,,
planta3,seasonal,mannwhitney,Nivel pozo,numeric,0.109606824925816,0.55,mannwhitney,False,,,,,,
planta3,seasonal,mannwhitney,Presión pozo,numeric,1.0,0.55,mannwhitney,True,,,,,,
planta3,seasonal,psi,Energía Total Activa Bombas Elevadoras,numeric,inf,0.2,psi,True,,,,,,
planta3,seasonal,psi,Nivel pozo,numeric,0.3988662510306837,0.2,psi,True,,,,,,
planta3,seasonal,psi,Presión pozo,numeric,inf,0.2,psi,True,,,,,,
planta3,seasonal,wasserstein,Energía Total Activa Bombas Elevadoras,numeric,3.708209693372898,0.7531446678801507,wasserstein,True,,,,,,
planta3,seasonal,wasserstein,Nivel pozo,numeric,0.2660731948565774,0.01757337558387,wasserstein,True,,,,,,
planta3,seasonal,wasserstein,Presión pozo,numeric,3.39597428288823,0.0165048163753927,wasserstein,True,,,,,,
